3145,1123-127-500-000
3151,1123-127-500-000
3216,1123-127-500-000
3223,1123-127-500-000
3225,1123-127-500-000
3227,1123-127-500-000
3233,1123-127-500-000
3236,1123-127-500-000
3239,1123-127-500-000
3272,1123-127-500-000
3275,1123-127-500-000
3287,1123-127-500-000
3288,1123-127-500-000
3292,1123-127-500-000
3294,1123-127-500-000
3318,1123-127-500-000
3319,1123-127-500-000
3324,1123-127-500-000
3325,1123-127-500-000
3326,1123-127-500-000
3360,1123-127-500-000
3363,1123-127-500-000
3364,1123-127-500-000
3374,1123-127-500-000
3386,1123-127-500-000
3389,1123-127-500-000
3397,1123-127-500-000
3399,1123-127-500-000
3402,1123-127-500-000
3403,1123-127-500-000
3404,1123-127-500-000
3418,1123-127-500-000
3426,1123-127-500-000
3427,1123-127-500-000
3429,1123-127-500-000
3432,1123-127-500-000
3436,1123-127-500-000
3437,1123-127-500-000
3442,1123-127-500-000
3443,1123-127-500-000
3446,1123-127-500-000
3447,1123-127-500-000
3454,1123-127-500-000
3456,1123-127-500-000
3464,1123-127-500-000
3466,1123-127-500-000
3473,1123-127-500-000
3479,1123-127-500-000
3480,1123-127-500-000
3482,1123-127-500-000
3487,1123-127-500-000
3494,1123-127-500-000
3499,1123-127-500-000
3515,1123-127-500-000
3516,1123-127-500-000
3517,1123-127-500-000
3518,1123-127-500-000
3520,1123-127-500-000
3521,1123-127-500-000
3524,1123-127-500-000
3525,1123-127-500-000
3526,1123-127-500-000
3527,1123-127-500-000
3530,1123-127-500-000
3531,1123-127-500-000
3533,1123-127-500-000
3534,1123-127-500-000
3535,1123-127-500-000
3543,1123-127-500-000
3544,1123-127-500-000
3545,1123-127-500-000
3546,1123-127-500-000
3548,1123-127-500-000
3561,1123-127-500-000
3562,1123-127-500-000
3592,1123-127-500-000
3597,1123-127-500-000
3599,1123-127-500-000
3652,1121-120-320-700
3658,1121-120-320-700
4078,1123-127-500-000
4243,1123-127-500-000
4249,1123-127-500-000
4285,1123-127-500-000
4286,1123-127-500-000
4297,1123-127-500-000
4303,1123-127-500-000
4391,1123-127-500-000
4392,1123-127-500-000
4393,1123-127-500-000
4394,1123-127-500-000
4395,1123-127-500-000
4396,1123-127-500-000
4398,1123-127-500-000
4401,1123-127-500-000
4513,1123-127-500-000
4637,1123-127-500-000
4638,1123-127-500-000
4995,1123-127-500-000
5010,1123-127-500-000
5012,1123-127-500-000
5095,1123-127-500-000
5279,1123-127-500-000
5330,1123-127-500-000
5416,1123-127-500-000
5417,1123-127-500-000
5475,1123-127-500-000
5523,1123-127-500-000
5588,1123-127-500-000
5626,1123-127-500-000
5642,1123-127-500-000
5644,1123-127-500-000
5708,1123-127-500-000
5772,1123-127-500-000
5821,1123-127-500-000
5896,1123-127-500-000
5903,1123-127-500-000
5904,1123-127-500-000
6090,1123-127-500-000
6236,1123-127-500-000
6306,1123-127-500-000
6441,1123-127-500-000
6443,1123-127-500-000
6444,1123-127-500-000
6511,1123-127-500-000
6513,1123-127-500-000
6518,1123-127-500-000
6539,1123-127-500-000
6618,1123-127-500-000
6663,1123-127-500-000
6930,1123-127-500-000
7173,1123-127-500-000
7871,1123-127-500-000
7955,1123-127-500-000
8003,1123-127-500-000
8179,1123-127-500-000
8249,1123-127-500-000
8295,1123-127-500-000
8384,1123-127-500-000
9479,1123-127-500-000
9490,1123-127-500-000
9492,1123-127-500-000
9501,1123-127-500-000
9522,1123-127-500-000
9529,1123-127-500-000
9548,1123-127-500-000
9551,1123-127-500-000
9555,1123-127-500-000
9557,1123-127-500-000
9560,1123-127-500-000
9565,1123-127-500-000
9568,1123-127-500-000
9579,1123-127-500-000
9582,1123-127-500-000
9587,1123-127-500-000
9588,1123-127-500-000
9590,1123-127-500-000
9592,1123-127-500-000
9598,1123-127-500-000
9685,1123-127-500-000
9761,1123-127-500-000
9762,1123-127-500-000
9763,1123-127-500-000
9764,1123-127-500-000
9770,1123-127-500-000
9772,1123-127-500-000
9777,1123-127-500-000
9781,1123-127-500-000
9852,1123-127-500-000
9865,1123-127-500-000
9911,1123-127-500-000
9921,1123-127-500-000
9927,1123-127-500-000
9931,1123-127-500-000
9932,1123-127-500-000
9946,1123-127-500-000
9947,1123-127-500-000
9948,1123-127-500-000
9955,1123-127-500-000
9957,1123-127-500-000
9960,1123-127-500-000
9964,1123-127-500-000
9965,1123-127-500-000
9966,1123-127-500-000
9971,1123-127-500-000
9972,1123-127-500-000
9980,1123-127-500-000
9981,1123-127-500-000
9984,1123-127-500-000
9989,1123-127-500-000
9990,1123-127-500-000
10004,1123-127-500-000
10005,1123-127-500-000
10006,1123-127-500-000
10042,1123-127-500-000
10087,1123-127-500-000
10091,1123-127-500-000
10099,1123-127-500-000
10439,1121-4a0-914-700
10746,1121-220-213-700
10753,1121-460-216-700
10768,1121-120-942-700
10782,1121-210-320-700
10783,1121-210-320-700
10784,1121-120-330-700
10803,1121-120-911-700
10804,1121-230-911-700
10806,1121-240-422-700
10929,1121-12f-466-700
10933,1121-120-462-700
10934,1121-230-462-700
10935,1121-110-411-700
10937,1121-240-421-700
10946,1121-120-514-700
10947,1121-120-514-700
10970,1121-115-710-400
10971,1121-4b0-233-700
10978,1121-230-934-700
10981,1121-120-942-700
10985,1121-230-911-700
10986,1121-120-934-700
10989,1121-120-962-700
10991,1121-120-962-700
10992,1121-230-943-700
11009,1121-120-961-700
11011,1121-230-953-700
11014,1121-230-930-700
11045,1121-120-438-700
11046,1121-240-438-700
11141,1121-12f-467-700
11148,1121-200-411-700
11149,1121-200-411-700
11155,1121-240-422-700
11161,1121-120-442-700
11163,1121-110-411-700
11164,1121-200-411-700
11166,1121-120-422-700
11170,1121-200-411-700
11171,1121-110-411-700
11172,1121-200-411-700
11205,1121-120-463-700
11208,1121-120-463-700
11209,1121-120-463-700
11221,1121-240-434-700
11222,1121-120-441-700
11234,1121-230-462-700
11235,1121-120-462-700
11240,1121-420-212-700
11241,1121-430-213-700
11242,1121-460-216-700
11246,1121-420-212-700
11261,1121-120-434-700
11262,1121-240-434-700
11270,1121-240-434-700
11271,1121-120-462-700
11272,1121-120-462-700
11275,1121-120-330-700
11276,1121-210-330-700
11277,1121-120-962-700
11278,1121-230-962-700
11286,1121-420-212-700
11291,1121-120-515-700
11316,1121-210-320-700
11320,1121-120-962-700
11336,1121-200-411-700
11341,1121-240-433-700
11342,1121-120-515-700
11345,1121-120-320-700
11346,1121-210-320-700
11412,1121-430-213-700
11415,1121-120-515-700
11433,1121-120-463-700
11453,1121-420-213-700
11455,1121-120-441-700
11456,1121-240-441-700
11461,1121-115-710-400
11494,1121-120-921-700
11496,1121-120-914-700
11503,1121-120-463-700
11510,1121-120-914-700
11532,1121-120-961-700
11533,1121-120-961-700
11538,1121-200-411-700
11540,1121-490-415-700
11551,1121-490-415-700
11556,1121-490-415-700
11564,1121-120-442-700
11567,1121-120-462-700
11574,1121-120-463-700
11575,1121-120-517-700
11578,1121-220-310-700
11581,1121-220-213-700
11597,1121-200-411-700
11618,1121-120-943-700
11619,1121-230-942-700
11621,1121-120-915-700
11629,1121-120-442-700
11631,1121-120-943-700
11632,1121-230-942-700
11644,1121-120-915-700
11650,1121-120-962-700
11652,1121-120-951-700
11657,1121-230-943-700
11745,1121-120-422-700
11754,1121-210-213-700
11769,1121-120-433-700
11774,1121-120-914-700
11777,1121-230-921-700
11803,1121-230-921-700
11815,1121-4a0-914-700
11824,1121-120-943-700
11829,1121-120-915-700
11834,1121-120-911-700
11839,1121-230-942-700
11841,1121-120-914-700
11846,1121-120-955-700
11953,1121-420-212-700
11962,1121-200-411-700
11968,1121-120-422-700
11969,1121-240-422-700
11970,1121-120-463-700
11971,1121-12f-467-700
11985,1121-120-422-700
11993,1121-120-433-700
12002,1121-230-463-700
12007,1121-420-213-700
12041,1121-240-421-700
12044,1121-120-914-700
12053,1121-120-915-700
12054,1121-4a0-914-700
12059,1121-120-442-700
12060,1121-240-442-700
12078,1121-240-442-700
12079,1121-120-943-700
12083,1121-120-915-700
12085,1121-230-942-700
12103,1121-120-914-700
12106,1121-120-943-700
12107,1121-230-943-700
12119,1121-120-934-700
12129,1121-120-517-700
12130,1121-230-463-700
12139,1121-240-421-700
12149,1121-230-943-700
12150,1121-320-941-700
12161,1121-120-311-700
12230,1121-115-710-400
12239,1121-240-442-700
12255,1121-240-442-700
12277,1121-200-411-700
12282,1121-430-213-700
12294,1121-120-311-700
12306,1121-490-415-700
12316,1121-120-311-700
12320,1121-120-517-700
12338,1121-230-921-700
12351,1121-120-955-700
12355,1121-120-441-700
12360,1121-240-421-700
12367,1121-120-434-700
12378,1121-230-942-700
12379,1121-320-941-700
12383,1121-230-943-700
12385,1121-120-943-700
12386,1121-230-943-700
12391,1121-120-516-700
12392,1121-120-961-700
12393,1121-230-961-700
12468,1121-200-411-700
12469,1121-120-421-700
12480,1121-240-421-700
12492,1121-120-413-700
12521,1123-211-500-000
12527,1121-230-961-700
12536,1121-120-942-700
12537,1121-230-942-700
12538,1121-320-941-700
12546,1121-230-942-700
12547,1121-320-941-700
12548,1121-120-922-700
12550,1121-120-942-700
12551,1121-230-943-700
12566,1121-120-943-700
12569,1121-230-961-700
12572,1121-120-943-700
12574,1121-320-941-700
12575,1121-120-943-700
12579,1121-120-943-700
12593,1121-120-915-700
12660,1121-120-421-700
12668,1123-211-500-000
12669,1121-120-421-700
12680,1121-110-415-700
12681,1121-490-415-700
12689,1121-490-415-700
12690,1121-110-415-700
12696,1123-211-500-000
12699,1121-430-213-700
12704,1121-120-942-700
12710,1121-110-415-700
12724,1121-120-911-700
12726,1121-230-961-700
12736,1121-120-911-700
12738,1121-120-911-700
12739,1121-120-911-700
12740,1123-112-500-000
12745,1121-230-962-700
12755,1121-230-942-700
12790,1121-4b0-233-700
12793,1121-200-411-700
12859,1121-120-413-700
12861,1121-120-516-700
12862,1121-120-516-700
12891,1121-120-421-700
12898,1121-120-421-700
12900,1121-120-413-700
12902,1121-200-411-700
12904,1121-120-451-700
12907,1121-120-441-700
12950,1121-120-516-700
12964,1121-120-918-700
12979,1121-230-934-700
13042,1121-4a0-918-700
13045,1121-230-962-700
13058,1121-240-437-700
13072,1121-230-942-700
13073,1121-4b0-233-700
13086,1121-120-951-700
13088,1121-120-441-700
13105,1121-320-941-700
13112,1121-120-918-700
13114,1121-240-441-700
13138,1121-320-941-700
13179,1121-240-433-700
13219,1121-120-933-700
13237,1121-4a0-914-700
13243,1121-120-437-700
13256,1121-120-951-700
13279,1121-116-917-700
13320,1121-230-921-700
13339,1121-110-415-700
13343,1121-4b0-233-700
13348,1121-240-441-700
13363,1121-320-941-700
13457,1121-420-213-700
13463,1121-240-413-700
13470,1121-420-213-700
13528,1121-430-213-700
13550,1121-430-213-700
13646,1121-120-942-700
13680,1121-120-200-700
13748,1121-230-463-700
13920,1121-110-415-700
13930,1121-120-942-700
13935,1121-210-330-700
13949,1121-230-922-700
13977,1121-110-415-700
13978,1121-110-415-700
14003,1121-320-941-700
14130,1121-110-415-700
14144,1121-110-411-700
14163,1121-430-213-700
14217,1121-120-918-700
14219,1121-4a0-914-700
14229,1121-230-922-700
14255,1121-240-413-700
14371,1121-110-411-700
14402,1121-230-463-700
14447,1121-120-930-700
14606,1121-430-213-700
14625,1121-120-454-700
14985,1121-430-213-700
15066,1121-210-230-700
15085,1121-240-441-700
15129,1121-430-215-700
15231,1121-240-441-700
15249,1121-230-463-700
15258,1121-120-942-700
15269,1121-230-921-700
15401,1123-211-500-000
15431,1121-120-921-700
15445,1121-240-433-700
15743,1121-120-930-700
16000,1121-210-320-700
16127,1121-110-411-700
16291,1121-110-213-700
16425,1121-110-411-700
16515,1121-127-700-500
16559,1121-110-411-700
16598,1123-211-500-000
16607,1121-115-700-400
16625,1121-120-921-700
16686,1121-220-310-700
16723,1121-490-915-700
16736,1121-320-941-700
16995,1123-211-500-000
16996,1121-120-919-700
17000,1121-120-921-700
17087,1121-120-942-700
17130,1121-490-915-700
17195,1123-211-500-000
17226,1123-211-500-000
17341,1121-230-950-700
17506,1121-120-942-700
17544,1121-120-950-700
17578,1121-120-452-700
17761,1121-230-922-700
19890,1121-230-914-700
371876,1121-120-320-700
372439,1121-220-310-700
372513,1121-127-700-400
372534,1123-211-500-000
739556,1121-120-200-700
739557,1121-220-230-700
739562,1121-220-230-700
739563,1121-120-200-700
739564,1121-220-230-700
739565,1121-120-200-700
739576,1121-210-230-700
739577,1121-120-200-700
739578,1121-210-230-700
739579,1121-120-200-700
739604,1121-120-200-700
739605,1121-210-230-700
739606,1121-120-200-700
739608,1121-120-200-700
739609,1121-220-230-700
739612,1121-120-200-700
739613,1121-220-230-700
739614,1121-120-200-700
739630,1121-220-230-700
739631,1121-120-200-700
739633,1121-115-700-400
739634,1121-115-700-400
739635,1121-115-700-400
739636,1121-115-700-400
739637,1121-115-700-400
739638,1121-115-700-400
739640,1121-127-700-400
739641,1121-127-700-400
739642,1121-115-700-400
739643,1121-115-700-400
739644,1121-115-700-400
739645,1121-115-700-400
739646,1121-115-700-400
739647,1121-115-700-400
739651,1121-120-800-700
739653,1121-120-800-700
739654,1121-120-800-700
739655,1121-120-800-700
739657,1121-120-800-700
739659,1121-120-800-700
739660,1121-120-800-700
739661,1121-120-800-700
739664,1121-120-800-700
739666,1121-120-800-700
739667,1121-120-800-700
739668,1121-120-800-700
739672,1121-120-800-700
739675,1121-120-800-700
739676,1121-120-800-700
739677,1121-120-800-700
739678,1121-120-800-700
739700,1121-120-320-700
739701,1121-210-320-700
739718,1121-210-320-700
739719,1121-120-320-700
739720,1121-210-320-700
739721,1121-120-320-700
739736,1123-211-500-000
739737,1123-110-500-000
739738,1123-211-500-000
739739,1123-211-500-000
739740,1123-110-500-000
739742,1123-110-500-000
739743,1123-211-500-000
739745,1123-211-500-000
739749,1123-211-500-000
739750,1123-110-500-000
739751,1123-211-500-000
739754,1123-110-500-000
739755,1123-211-500-000
739756,1123-211-500-000
739757,1123-110-500-000
739758,1123-211-500-000
739759,1123-110-500-000
739760,1123-211-500-000
739761,1123-110-500-000
739765,1123-110-500-000
739766,1123-211-500-000
739770,1123-211-500-000
739771,1123-110-500-000
739775,1123-211-500-000
739776,1123-110-500-000
739780,1123-211-500-000
739781,1123-211-500-000
739782,1123-110-500-000
739783,1123-211-500-000
739784,1123-110-500-000
739785,1123-211-500-000
739786,1123-110-500-000
739787,1123-211-500-000
739788,1123-110-500-000
739789,1123-211-500-000
739790,1123-110-500-000
739791,1123-211-500-000
739792,1123-110-500-000
739793,1123-110-500-000
739794,1123-211-500-000
739796,1123-211-500-000
739797,1123-110-500-000
739798,1123-211-500-000
739799,1123-110-500-000
739800,1123-110-500-000
739801,1123-211-500-000
739802,1123-211-500-000
739803,1123-110-500-000
739804,1123-211-500-000
739806,1123-110-500-000
739809,1123-110-500-000
739810,1123-211-500-000
739811,1123-110-500-000
739812,1123-112-500-000
739813,1123-211-500-000
739814,1123-110-500-000
739816,1123-110-500-000
739818,1123-211-500-000
739819,1123-110-500-000
739820,1123-110-500-000
739824,1123-211-500-000
739826,1123-110-500-000
739827,1123-211-500-000
739828,1123-110-500-000
739829,1123-211-500-000
739830,1123-110-500-000
739831,1123-211-500-000
739832,1123-110-500-000
739833,1123-211-500-000
739834,1123-211-500-000
739836,1123-211-500-000
739837,1123-110-500-000
739838,1123-110-500-000
739839,1123-211-500-000
739840,1123-110-500-000
739841,1123-110-500-000
739842,1123-211-500-000
739857,1123-110-500-000
739859,1123-110-500-000
739862,1123-110-500-000
739863,1123-110-500-000
739864,1123-211-500-000
739865,1123-110-500-000
739867,1123-110-500-000
739868,1123-211-500-000
739869,1123-110-500-000
739870,1123-211-500-000
739871,1123-110-500-000
739872,1123-211-500-000
739873,1123-110-500-000
739874,1123-211-500-000
739876,1123-112-500-000
739877,1123-110-500-000
739878,1123-211-500-000
739879,1123-211-500-000
739880,1123-110-500-000
739881,1123-211-500-000
739882,1123-110-500-000
739883,1123-110-500-000
739884,1123-211-500-000
739885,1123-211-500-000
739886,1123-110-500-000
739887,1123-211-500-000
739958,1121-4a0-414-700
739959,1121-110-414-700
740028,1121-120-310-700
740034,1121-120-310-700
740035,1121-210-310-700
740047,1121-120-310-700
740049,1121-120-310-700
740051,1121-120-310-700
740067,1121-210-310-700
740068,1121-120-310-700
740069,1121-120-310-700
740112,1121-120-330-700
740134,1121-120-330-700
740135,1121-210-330-700
741511,1121-210-230-700
741518,1123-110-500-000
741519,1123-211-500-000
741520,1123-110-500-000
741521,1123-110-500-000
741522,1123-211-500-000
741523,1123-211-500-000
741525,1123-110-500-000
741526,1123-112-500-000
741527,1123-110-500-000
741528,1123-211-500-000
741529,1123-211-500-000
741530,1123-110-500-000
741531,1123-211-500-000
741533,1121-120-200-700
741536,1121-120-200-700
741537,1121-210-230-700
741538,1121-120-200-700
741539,1121-220-230-700
741540,1121-120-200-700
741541,1121-220-230-700
741542,1121-120-200-700
741543,1121-220-230-700
741544,1121-220-230-700
741545,1121-120-200-700
741546,1121-120-200-700
741547,1121-220-230-700
741548,1121-210-230-700
741549,1121-120-200-700
741550,1121-120-200-700
741551,1121-220-230-700
741552,1121-220-230-700
741553,1121-120-200-700
741554,1123-121-500-000
741555,1121-120-200-700
741556,1121-210-230-700
741557,1121-210-230-700
741558,1121-120-200-700
741560,1121-220-230-700
741561,1121-120-200-700
741562,1121-220-230-700
741563,1121-220-230-700
741564,1121-120-200-700
741565,1121-220-230-700
741566,1121-120-200-700
741567,1121-210-230-700
741568,1121-120-200-700
741571,1121-120-200-700
741573,1121-210-230-700
741574,1121-210-230-700
741575,1121-120-200-700
741577,1121-120-200-700
741579,1121-120-200-700
741580,1121-210-230-700
741581,1121-120-200-700
741585,1121-120-800-700
741586,1121-120-800-700
741587,1121-120-800-700
741588,1121-120-800-700
741589,1121-120-800-700
741597,1121-210-320-700
741598,1121-120-320-700
741599,1121-120-320-700
741600,1121-210-320-700
741601,1121-210-320-700
741602,1121-120-320-700
741604,1121-120-320-700
741606,1121-210-320-700
741624,1121-210-330-700
741641,1123-110-500-000
741645,1123-110-500-000
741646,1123-110-500-000
741647,1123-110-500-000
741648,1123-110-500-000
741649,1123-211-500-000
741650,1123-110-500-000
741651,1123-211-500-000
741652,1123-110-500-000
741653,1123-110-500-000
741654,1123-211-500-000
741656,1123-110-500-000
741657,1123-110-500-000
741658,1123-211-500-000
741659,1123-211-500-000
741660,1123-211-500-000
741661,1123-211-500-000
741662,1123-211-500-000
741663,1123-110-500-000
741664,1123-211-500-000
741665,1123-110-500-000
741666,1123-110-500-000
741668,1123-211-500-000
741669,1123-211-500-000
741670,1123-211-500-000
741671,1123-211-500-000
741672,1123-110-500-000
741673,1121-110-411-700
741676,1121-110-411-700
741677,1121-110-411-700
741680,1121-110-411-700
741681,1121-110-411-700
741683,1121-110-411-700
741716,1121-110-414-700
741717,1121-4a0-414-700
741718,1121-110-414-700
741719,1121-110-414-700
741720,1121-110-415-700
741727,1121-110-414-700
741728,1121-4a0-414-700
741729,1121-110-414-700
741730,1121-110-414-700
741732,1121-110-414-700
741733,1121-110-414-700
741734,1121-4a0-414-700
741735,1121-110-414-700
741736,1121-110-414-700
741737,1121-4a0-414-700
741738,1121-110-414-700
741740,1121-110-414-700
741741,1121-4a0-414-700
741742,1121-110-414-700
741743,1121-110-414-700
741744,1121-4a0-414-700
741745,1121-110-414-700
741746,1121-110-414-700
741747,1121-110-414-700
741748,1121-110-414-700
741749,1121-110-414-700
741750,1121-110-414-700
741751,1121-110-414-700
741752,1121-110-414-700
741753,1121-4a0-414-700
741757,1121-110-414-700
741758,1121-110-414-700
741761,1121-110-414-700
741763,1121-110-414-700
741766,1121-110-414-700
741767,1121-110-414-700
741768,1121-110-414-700
741770,1121-110-414-700
741771,1121-110-414-700
741772,1121-110-414-700
741773,1121-110-414-700
741774,1121-110-414-700
741775,1121-110-414-700
741776,1121-110-414-700
741777,1121-110-414-700
741779,1121-120-310-700
741780,1121-210-310-700
741783,1121-120-310-700
741784,1121-120-310-700
741785,1121-120-310-700
741787,1121-210-310-700
741788,1121-220-310-700
741789,1121-120-310-700
741790,1121-210-310-700
741791,1121-120-310-700
741792,1121-210-310-700
741793,1121-120-310-700
741794,1121-120-310-700
741795,1121-210-310-700
741796,1121-120-310-700
741797,1121-210-310-700
741798,1121-120-310-700
741799,1121-220-310-700
741800,1121-210-310-700
741801,1121-120-310-700
741802,1121-210-310-700
741803,1121-120-310-700
741805,1121-120-310-700
741840,1121-220-310-700
741842,1121-120-330-700
741843,1121-210-330-700
741844,1121-210-330-700
741845,1121-120-330-700
741846,1121-210-330-700
741847,1121-120-330-700
741848,1121-120-330-700
741849,1121-210-330-700
741850,1121-210-330-700
741851,1121-120-330-700
741852,1121-120-330-700
741853,1121-220-330-700
741854,1121-120-330-700
741855,1121-210-330-700
741856,1121-120-330-700
741858,1121-210-330-700
741859,1121-120-330-700
741861,1121-120-330-700
741862,1121-120-330-700
741863,1121-210-330-700
741864,1121-210-330-700
741865,1121-120-330-700
741866,1121-120-330-700
741867,1121-210-330-700
741868,1121-210-330-700
741869,1121-120-330-700
741870,1121-120-330-700
741871,1121-210-330-700
741872,1121-120-330-700
741873,1121-210-330-700
741874,1121-120-330-700
741875,1121-210-330-700
741876,1121-120-330-700
741877,1121-210-330-700
741878,1121-210-330-700
741879,1121-120-330-700
741880,1121-210-330-700
741901,1121-230-921-700
741902,1121-120-921-700
741903,1121-120-922-700
741905,1121-230-922-700
741906,1121-120-921-700
741907,1121-230-921-700
741909,1121-120-921-700
741911,1121-120-921-700
741913,1121-120-921-700
741926,1121-120-922-700
741927,1121-230-922-700
741928,1121-120-922-700
741929,1121-230-922-700
741930,1121-120-922-700
741931,1121-230-922-700
741932,1121-120-922-700
741933,1121-230-922-700
741935,1121-120-922-700
741937,1121-120-922-700
741945,1121-120-922-700
741950,1121-120-922-700
741952,1121-120-922-700
753239,1123-110-500-000
753241,1123-211-500-000
753255,1123-211-500-000
753256,1123-211-500-000
753263,1123-110-500-000
753266,1123-110-500-000
753282,1123-211-500-000
754364,1123-112-500-000
754432,1121-110-213-700
754434,1123-211-500-000
754435,1123-110-500-000
754436,1123-110-500-000
754437,1123-211-500-000
754440,1123-211-500-000
754441,1123-110-500-000
754442,1123-211-500-000
754443,1123-110-500-000
754444,1123-211-500-000
754445,1123-211-500-000
754446,1121-120-919-700
754448,1123-211-500-000
754451,1123-110-500-000
754452,1123-110-500-000
754459,1121-230-915-700
754461,1121-490-915-700
754465,1123-110-500-000
754477,1121-490-310-700
754478,1121-4a0-310-700
754480,1121-220-310-700
754483,1121-120-331-700
754484,1121-210-331-700
754493,1121-110-213-700
754498,1121-240-437-700
754507,1121-490-915-700
754513,1121-229-310-700
754515,1121-228-310-700
754517,1121-4a0-310-700
765265,1124-410-610-625
765266,1124-310-610-625
765267,1124-310-620-625
765268,1124-310-610-625
765269,1124-410-620-625
765270,1124-410-610-625
765271,1124-410-620-625
765272,1124-410-610-625
765273,1124-310-620-625
765274,1124-310-610-625
765275,1124-410-610-625
765276,1124-310-620-625
765277,1124-410-620-625
765278,1124-310-610-625
765284,1121-129-700-400
765288,1123-121-500-000
765289,1123-121-500-000
765301,1123-121-500-000
765302,1123-121-500-000
765308,1123-110-500-000
765310,1123-110-500-000
765311,1123-110-500-000
765313,1123-110-500-000
765315,1124-310-610-625
765316,1124-410-610-625
765317,1124-410-620-625
765318,1124-410-610-625
765320,1124-310-610-625
765321,1124-410-610-625
765322,1124-310-620-625
765324,1124-410-620-625
765325,1123-121-500-000
765326,1123-110-500-000
765331,1123-110-500-000
765333,1123-110-500-000
765335,1123-110-500-000
765336,1123-110-500-000
765337,1124-410-620-625
765338,1124-310-620-625
765341,1124-410-620-625
765342,1124-310-620-625
765347,1124-310-620-625
765362,1123-110-500-000
765398,1123-121-500-000
765440,1123-121-500-000
765852,1121-120-91a-700
765856,1121-120-200-700